,title,score,subreddit,num_comments,author,created_utc,url,selftext,upvote_ratio,is_original_content,is_video,link_flair_text,domain,stickied,is_locked,spoiler,num_awards,author_flair_text,gilded,is_crosspostable,media,post_hint,thumbnail
0,"Weekly /r/Games Discussion - What have you been playing, and what are your thoughts? - November 19, 2023",37,games,91,AutoModerator,1700388051.0,https://www.reddit.com/r/Games/comments/17ytwdl/weekly_rgames_discussion_what_have_you_been/,"Use this thread to discuss whatever game you've been playing lately: old or new, AAA or indie, on any platform between Atari and XBox. Please don't just list off the games you're playing in your comment. Elaborate with your thoughts on the games and make it easier for other users to find what game you're talking about by putting the title in **bold**. 

Also, please make sure to use spoiler tags if you're revealing anything about a game's plot that may significantly impact another player's experience who has not played the game yet, no matter how retro or recent the game is. You can find instructions on how to do so in the subreddit sidebar. 

This thread is set to sort comments by 'new' on default. 

**Obligatory Advertisements**

For a subreddit devoted to this type of discussion during the rest of the week, please check out /r/WhatAreYouPlaying. 

/r/Games has a Discord server! Feel free to join us and chit-chat about games here: https://discord.gg/zRPaXTn

**Scheduled Discussion Posts** 

WEEKLY: [What Have You Been Playing?](https://www.reddit.com/r/Games/search?q=author%3AAutoModerator+AND+title%3A%28What+have+you+been+playing%29&amp;restrict_sr=on&amp;sort=new&amp;t=all)

MONDAY: [Thematic Monday](https://www.reddit.com/r/Games/search?q=author%3AAutoModerator+AND+title%3A%28Thematic%29&amp;restrict_sr=on&amp;sort=new&amp;t=all)

WEDNESDAY: [Suggest Me A Game](https://www.reddit.com/r/Games/search?q=author%3AAutoModerator+AND+title%3A%28Suggest%29&amp;restrict_sr=on&amp;sort=new&amp;t=all)

FRIDAY: [Free Talk Friday](https://www.reddit.com/r/Games/search?q=author%3AAutoModerator+AND+title%3A%28Friday%29&amp;restrict_sr=on&amp;sort=new&amp;t=all)",0.82,False,False,Discussion,self.Games,True,False,False,0,,0,False,,,
1,"GameMaker: From today, GameMaker will be free for non-commercial use on all platforms (excluding console). To further meet your needs, we are introducing a one-time licence, replacing our current subscriptions",532,games,58,Turbostrider27,1700580569.0,https://twitter.com/GameMakerEngine/status/1726949064196128776,,0.95,False,False,,twitter.com,False,False,False,0,,0,False,"{'oembed': {'provider_url': 'https://twitter.com', 'url': 'https://twitter.com/GameMakerEngine/status/1726949064196128776', 'html': '&lt;blockquote class=""twitter-video""&gt;&lt;p lang=""en"" dir=""ltr""&gt;ðŸ“¢ From today, GameMaker will be free for non-commercial use on all platforms (excluding console). To further meet your needs, we are introducing a one-time licence, replacing our current subscriptions! &lt;a href=""https://t.co/F2sUYo2SzH""&gt;pic.twitter.com/F2sUYo2SzH&lt;/a&gt;&lt;/p&gt;&amp;mdash; GameMaker (@GameMakerEngine) &lt;a href=""https://twitter.com/GameMakerEngine/status/1726949064196128776?ref_src=twsrc%5Etfw""&gt;November 21, 2023&lt;/a&gt;&lt;/blockquote&gt;\n&lt;script async src=""https://platform.twitter.com/widgets.js"" charset=""utf-8""&gt;&lt;/script&gt;\n', 'author_name': 'GameMaker', 'height': None, 'width': 350, 'version': '1.0', 'author_url': 'https://twitter.com/GameMakerEngine', 'provider_name': 'Twitter', 'cache_age': 3153600000, 'type': 'rich'}, 'type': 'twitter.com'}",,
2,"in Europe, PS5 sales are up 143% over October last year, Nintendo Switch is at No.2 despite a 20% drop in sales compared with last October, while Xbox Series S and X sales continue to struggle in Europe, down 52% year-on-year.",795,games,627,DeafEPL,1700569189.0,https://www.gamesindustry.biz/assassins-creed-spider-man-mario-and-ps5-boost-sales-in-europe-during-october-european-monthly-charts,,0.86,False,False,Industry News,gamesindustry.biz,False,False,False,0,,0,False,,,
3,"It's been 20 years, and The Simpsons Hit and Run developers are just as surprised as you that the cult open-world game hasn't got a sequel yet",286,games,43,naaz0412,1700583377.0,https://www.gamesradar.com/its-been-20-years-and-the-simpsons-hit-and-run-developers-are-just-as-surprised-as-you-that-the-cult-open-world-game-hasnt-got-a-sequel-yet/,,0.87,False,False,Industry News,gamesradar.com,False,False,False,0,,0,False,,,
4,Robocop: Rogue City is Nacon's Best Ever Launch,225,games,60,Turbostrider27,1700584298.0,https://www.gamespress.com/en-US/-ROBOCOP-ROGUE-CITY-NACONS-BEST-EVER-LAUNCH,,0.92,False,False,,gamespress.com,False,False,False,0,,0,False,,,
5,"Steam Autumn 2023 Sale begins today, is now live",161,games,80,Turbostrider27,1700589828.0,https://www.reddit.com/r/Games/comments/180n6i9/steam_autumn_2023_sale_begins_today_is_now_live/,"Steam Autumn 2023 Sale begins today, is now live from November 21 to 28th (10 am Pacific Time). New stickers and nominations are also available

https://store.steampowered.com/

https://twitter.com/Steam/status/1727036934042894682",0.9,False,False,Sale Event,self.Games,False,False,False,0,,0,False,,,
6,"Immortals of Aveum Director Blames Poor Sales On Busy Release Calendar And Says ""No One Anticipated"" Baldur's Gate 3 To Be So Successful",178,games,131,bxgang,1700587027.0,https://www.gamesradar.com/immortals-of-aveum-director-blames-poor-sales-on-busy-release-calendar-and-says-no-one-anticipated-baldurs-gate-3-to-be-so-successful/,,0.83,False,False,,gamesradar.com,False,False,False,0,,0,False,,,
7,Video game company layoffs are creating an industry crisis,293,games,160,Turbostrider27,1700575623.0,https://www.polygon.com/23964448/video-game-industry-layoffs-crisis-2023,,0.81,False,False,,polygon.com,False,False,False,0,,0,False,,,
8,"Google is â€˜crookedâ€™ and a bully, CEO of Fortnite-maker Epic Games testifies in Play Store trial",129,games,36,smokey_john,1700589954.0,https://fortune.com/2023/11/21/google-crooked-bully-ceo-fortnite-epic-games-testifies-play-store-trial/,,0.78,False,False,Industry News,fortune.com,False,False,False,0,,0,False,,,
9,GOG: Uncharted: Legacy of Thieves Collection is now available DRM-free,240,games,29,Turbostrider27,1700576493.0,https://twitter.com/GOGcom/status/1726968735913693409,,0.91,False,False,Release,twitter.com,False,False,False,0,,0,False,"{'oembed': {'provider_url': 'https://twitter.com', 'url': 'https://twitter.com/GOGcom/status/1726968735913693409', 'html': '&lt;blockquote class=""twitter-video""&gt;&lt;p lang=""en"" dir=""ltr""&gt;You are a man of fortune, and you must seek your fortune.&lt;br&gt;&lt;br&gt;Uncharted: Legacy of Thieves Collection is now available DRM-free: &lt;a href=""https://t.co/v1grl3Ud3D""&gt;https://t.co/v1grl3Ud3D&lt;/a&gt;&lt;a href=""https://twitter.com/Naughty_Dog?ref_src=twsrc%5Etfw""&gt;@Naughty_Dog&lt;/a&gt; &lt;a href=""https://twitter.com/PlayStation?ref_src=twsrc%5Etfw""&gt;@PlayStation&lt;/a&gt; &lt;a href=""https://t.co/q3bScSHDeG""&gt;pic.twitter.com/q3bScSHDeG&lt;/a&gt;&lt;/p&gt;&amp;mdash; GOG.COM (@GOGcom) &lt;a href=""https://twitter.com/GOGcom/status/1726968735913693409?ref_src=twsrc%5Etfw""&gt;November 21, 2023&lt;/a&gt;&lt;/blockquote&gt;\n&lt;script async src=""https://platform.twitter.com/widgets.js"" charset=""utf-8""&gt;&lt;/script&gt;\n', 'author_name': 'GOG.COM', 'height': None, 'width': 350, 'version': '1.0', 'author_url': 'https://twitter.com/GOGcom', 'provider_name': 'Twitter', 'cache_age': 3153600000, 'type': 'rich'}, 'type': 'twitter.com'}",,
10,"Lords of the Fallen has the worst ambushes I've seen in an RPG, and players were so annoyed that the ""entire"" Soulslike has now reduced enemy density",91,games,60,naaz0412,1700587301.0,https://www.gamesradar.com/lords-of-the-fallen-has-the-worst-ambushes-ive-seen-in-an-rpg-and-players-were-so-annoyed-that-the-entire-soulslike-has-now-reduced-enemy-density/,,0.77,False,False,Discussion,gamesradar.com,False,False,False,0,,0,False,,,
11,"Cyberpunk 2077: Ultimate Edition for Xbox Series X|S, PlayStation 5, and PC",178,games,63,Rob_Cram,1700572580.0,/r/CyberpunkGaming/comments/180gppb/cyberpunk_2077_ultimate_edition_for_xbox_series/,,0.83,False,False,Announcement,self.CyberpunkGaming,False,False,False,0,,0,False,,,
12,"HEROES OF THE STORM PATCH NOTES - NOVEMBER 16, 2023",59,games,32,PirateBound,1700587114.0,https://news.blizzard.com/en-us/heroes-of-the-storm/24031812/heroes-of-the-storm-patch-notes-november-16-2023,,0.73,False,False,Update,news.blizzard.com,False,False,False,0,,0,False,,,
13,Cities: Skylines 2 studio delays expansion pass content to continue fixing main game,436,games,88,smokey_john,1700546098.0,https://www.eurogamer.net/cities-skylines-2-studio-delays-expansion-pass-content-to-continue-fixing-main-game,,0.92,False,False,Industry News,eurogamer.net,False,False,False,0,,0,False,,,
14,"Focus Entertainment: A Plague Tale: Requiem reaches 3 million players worldwide. Seizing this moment, we're delighted to reveal our renewed collaboration with @AsoboStudio for another exciting project!",38,games,1,Turbostrider27,1700592625.0,https://twitter.com/Focus_entmt/status/1727035951904395551,,0.86,False,False,,twitter.com,False,False,False,0,,0,False,"{'oembed': {'provider_url': 'https://twitter.com', 'url': 'https://twitter.com/Focus_entmt/status/1727035951904395551', 'html': '&lt;blockquote class=""twitter-video""&gt;&lt;p lang=""en"" dir=""ltr""&gt;A heartfelt thank you to the 3 million players who embarked on the haunting journey of &lt;a href=""https://twitter.com/hashtag/APlagueTaleRequiem?src=hash&amp;amp;ref_src=twsrc%5Etfw""&gt;#APlagueTaleRequiem&lt;/a&gt;! Your support and passion mean everything to us.&lt;br&gt; &lt;br&gt;Seizing this moment, we&amp;#39;re delighted to reveal our renewed collaboration with &lt;a href=""https://twitter.com/AsoboStudio?ref_src=twsrc%5Etfw""&gt;@AsoboStudio&lt;/a&gt; for another exciting project!ðŸŽ‰ &lt;a href=""https://t.co/yyeQalCwYH""&gt;pic.twitter.com/yyeQalCwYH&lt;/a&gt;&lt;/p&gt;&amp;mdash; Focus Entertainment (@Focus_entmt) &lt;a href=""https://twitter.com/Focus_entmt/status/1727035951904395551?ref_src=twsrc%5Etfw""&gt;November 21, 2023&lt;/a&gt;&lt;/blockquote&gt;\n&lt;script async src=""https://platform.twitter.com/widgets.js"" charset=""utf-8""&gt;&lt;/script&gt;\n', 'author_name': 'Focus Entertainment', 'height': None, 'width': 350, 'version': '1.0', 'author_url': 'https://twitter.com/Focus_entmt', 'provider_name': 'Twitter', 'cache_age': 3153600000, 'type': 'rich'}, 'type': 'twitter.com'}",,
15,Prince of Persia The Sands of Time Remake: we are glad to announce today that the project has passed an important internal milestone and development is progressing.,38,games,8,Turbostrider27,1700590610.0,https://twitter.com/princeofpersia/status/1727008986853937369,,0.8,False,False,,twitter.com,False,False,False,0,,0,False,,,
16,"The Nier series will continue as long as Yoko Taro remains alive, producer says",344,games,75,smokey_john,1700546804.0,https://www.videogameschronicle.com/news/the-nier-series-will-continue-as-long-as-yoko-taro-remains-alive-producer-says/,,0.9,False,False,Industry News,videogameschronicle.com,False,False,False,0,,0,False,,,
17,Teardown - Stunning Physics &amp; Destruction - PS5/Xbox Series X/S - DF Tech Review,48,games,10,Turbostrider27,1700581427.0,https://www.youtube.com/watch?v=4zBvoZv7Ftw,,0.77,False,False,Review,youtube.com,False,False,False,0,,0,False,"{'oembed': {'provider_url': 'https://www.youtube.com/', 'title': 'Teardown - Stunning Physics &amp; Destruction - PS5/Xbox Series X/S - DF Tech Review', 'html': '&lt;iframe width=""356"" height=""200"" src=""https://www.youtube.com/embed/4zBvoZv7Ftw?feature=oembed&amp;enablejsapi=1"" frameborder=""0"" allow=""accelerometer; autoplay; clipboard-write; encrypted-media; gyroscope; picture-in-picture; web-share"" allowfullscreen title=""Teardown - Stunning Physics &amp;amp; Destruction - PS5/Xbox Series X/S - DF Tech Review""&gt;&lt;/iframe&gt;', 'thumbnail_width': 480, 'height': 200, 'width': 356, 'version': '1.0', 'author_name': 'Digital Foundry', 'provider_name': 'YouTube', 'thumbnail_url': 'https://i.ytimg.com/vi/4zBvoZv7Ftw/hqdefault.jpg', 'type': 'video', 'thumbnail_height': 360, 'author_url': 'https://www.youtube.com/@DigitalFoundry'}, 'type': 'youtube.com'}",,
18,"Teardown is a visual, physical showcase on PS5 and Xbox Series consoles - Digital Foundry",38,games,1,PhilConnorsRemembers,1700584523.0,https://www.eurogamer.net/digitalfoundry-2023-teardown-is-a-visual-physical-showcase-on-ps5-and-xbox-series-consoles,,0.78,False,False,,eurogamer.net,False,False,False,0,,0,False,,,
19,Epic Games Store Black Friday: 33% off Epic Coupon for every purchase over $14.99 + Epic Rewards boosted to 10%,25,games,10,Mront,1700591683.0,https://www.reddit.com/r/Games/comments/180nvv6/epic_games_store_black_friday_33_off_epic_coupon/,"https://store.epicgames.com/en-US/sales-and-specials/black-friday

Epic Coupons are limitless, and apply to the total cart price, not the price of each game.

Epic Rewards is a loyalty program, for every purchase during the sale you get 10% (normally it's 5%) back in store credit.

Sale ends November 28, 2023 at 11am ET",0.62,False,False,Sale Event,self.Games,False,False,False,0,,0,False,,,
20,"15 years later, Chet Faliszek dishes on the making of Left 4 Dead",30,games,2,Turbostrider27,1700585666.0,https://www.gamedeveloper.com/design/15-years-later-chet-faliszek-dishes-on-the-making-of-left-4-dead,,0.73,False,False,,gamedeveloper.com,False,False,False,0,,0,False,,,
21,Modern Warfare 3 has set new player engagement records 11 days after launch,20,games,72,MatiBlaster,1700592872.0,https://twitter.com/CallofDuty/status/1727010137477624184?t=waDb8TKxsTHQbfyZBM6xzA&amp;s=19,,0.59,False,False,Industry News,twitter.com,False,False,False,0,,0,False,"{'type': 'twitter.com', 'oembed': {'provider_url': 'https://twitter.com', 'version': '1.0', 'url': 'https://twitter.com/CallofDuty/status/1727010137477624184', 'author_name': 'Call of Duty', 'height': None, 'width': 350, 'html': '&lt;blockquote class=""twitter-video""&gt;&lt;p lang=""en"" dir=""ltr""&gt;Thank you to our &lt;a href=""https://twitter.com/hashtag/MW3?src=hash&amp;amp;ref_src=twsrc%5Etfw""&gt;#MW3&lt;/a&gt; community for setting new Modern Warfare engagement records ðŸ”¥ &lt;a href=""https://t.co/OTu1oHMrCB""&gt;pic.twitter.com/OTu1oHMrCB&lt;/a&gt;&lt;/p&gt;&amp;mdash; Call of Duty (@CallofDuty) &lt;a href=""https://twitter.com/CallofDuty/status/1727010137477624184?ref_src=twsrc%5Etfw""&gt;November 21, 2023&lt;/a&gt;&lt;/blockquote&gt;\n&lt;script async src=""https://platform.twitter.com/widgets.js"" charset=""utf-8""&gt;&lt;/script&gt;\n', 'author_url': 'https://twitter.com/CallofDuty', 'provider_name': 'Twitter', 'cache_age': 3153600000, 'type': 'rich'}}",,
22,Sony facing $7.9 bln mass lawsuit over PlayStation Store prices,22,games,9,Turbostrider27,1700591567.0,https://www.reuters.com/technology/sony-facing-79-bln-mass-lawsuit-over-playstation-store-prices-2023-11-21/,,0.64,False,False,Sale Event,reuters.com,False,False,False,0,,0,False,,,
23,Sonic Dream Team - Animated Intro,28,games,8,lawrencedun2002,1700586419.0,https://youtu.be/rii-OEBog9A?feature=shared,,0.81,False,False,Announcement,youtu.be,False,False,False,0,,0,False,"{'oembed': {'provider_url': 'https://www.youtube.com/', 'title': 'Sonic Dream Team - Animated Intro', 'html': '&lt;iframe width=""356"" height=""200"" src=""https://www.youtube.com/embed/rii-OEBog9A?feature=oembed&amp;enablejsapi=1"" frameborder=""0"" allow=""accelerometer; autoplay; clipboard-write; encrypted-media; gyroscope; picture-in-picture; web-share"" allowfullscreen title=""Sonic Dream Team - Animated Intro""&gt;&lt;/iframe&gt;', 'thumbnail_width': 480, 'height': 200, 'width': 356, 'version': '1.0', 'author_name': 'Sonic the Hedgehog', 'provider_name': 'YouTube', 'thumbnail_url': 'https://i.ytimg.com/vi/rii-OEBog9A/hqdefault.jpg', 'type': 'video', 'thumbnail_height': 360, 'author_url': 'https://www.youtube.com/@SonictheHedgehog'}, 'type': 'youtube.com'}",,
24,"Assassin's Creed, Spider-Man, Mario and PS5 boost sales in Europe during October | European Monthly Charts",70,games,13,poklane,1700567223.0,https://www.gamesindustry.biz/assassins-creed-spider-man-mario-and-ps5-boost-sales-in-europe-during-october-european-monthly-charts,,0.78,False,False,,gamesindustry.biz,False,False,False,0,,0,False,,,
25,"Bulletstorm VR receives small delay, now expected 2024",18,games,0,smokey_john,1700594689.0,https://www.eurogamer.net/bulletstorm-vr-receives-small-delay-now-expected-2024,,0.85,False,False,Industry News,eurogamer.net,False,False,False,0,,0,False,,,
26,Petroglyph has released a Patch for Star Wars: Empire At War which brings 64-bit support to the 17 year old game,941,games,104,Pandango-r,1700515781.0,https://steamcommunity.com/app/32470/discussions/0/1474221865188261871/,,0.96,False,False,Update,steamcommunity.com,False,False,False,0,,0,False,,,
27,Remembering The Legend of Zelda: Ocarina of Time 25 Years On,20,games,4,LOTRcrr,1700590959.0,https://www.ign.com/articles/remembering-the-legend-of-zelda-ocarina-of-time-25-years-on?link_source=ta_first_comment&amp;taid=655cf3e9aea489000197a7e8&amp;fbclid=IwAR3LZZ2oEqHcay5_W6j1qyvI1thTREzFnltLZwTO1_7HI-Olg9aWIGHGeQw_aem_ATQe_efQIczEeh0wrd63Lnfdj8SKvsIaF294QtObyjjjucqreN-vHylQxkhUdfaiLXc,,0.82,False,False,,ign.com,False,False,False,0,,0,False,,,
28,"GOG: Claim Styx: Shards of Darkness for FREE, now through November 24th â€“ only on GOG!",21,games,0,Turbostrider27,1700588908.0,https://twitter.com/GOGcom/status/1726964915557240852,,0.72,False,False,,twitter.com,False,False,False,0,,0,False,"{'type': 'twitter.com', 'oembed': {'provider_url': 'https://twitter.com', 'version': '1.0', 'url': 'https://twitter.com/GOGcom/status/1726964915557240852', 'author_name': 'GOG.COM', 'height': None, 'width': 350, 'html': '&lt;blockquote class=""twitter-video""&gt;&lt;p lang=""en"" dir=""ltr""&gt;Get ready for Black Friday in the best way possible! Claim Styx: Shards of Darkness for FREE, now through November 24th â€“ only on GOG! &lt;a href=""https://t.co/KFBphnoFsB""&gt;pic.twitter.com/KFBphnoFsB&lt;/a&gt;&lt;/p&gt;&amp;mdash; GOG.COM (@GOGcom) &lt;a href=""https://twitter.com/GOGcom/status/1726964915557240852?ref_src=twsrc%5Etfw""&gt;November 21, 2023&lt;/a&gt;&lt;/blockquote&gt;\n&lt;script async src=""https://platform.twitter.com/widgets.js"" charset=""utf-8""&gt;&lt;/script&gt;\n', 'author_url': 'https://twitter.com/GOGcom', 'provider_name': 'Twitter', 'cache_age': 3153600000, 'type': 'rich'}}",,
29,Worldless | Launch Trailer,29,games,2,____F8____,1700580245.0,https://youtu.be/Z2e5IjIORHA?si=RTjvzNL7_3eTTqcP,,0.81,False,False,Trailer,youtu.be,False,False,False,0,,0,False,"{'type': 'youtube.com', 'oembed': {'provider_url': 'https://www.youtube.com/', 'version': '1.0', 'title': 'Worldless | Launch Trailer', 'type': 'video', 'thumbnail_width': 480, 'height': 200, 'width': 356, 'html': '&lt;iframe width=""356"" height=""200"" src=""https://www.youtube.com/embed/Z2e5IjIORHA?feature=oembed&amp;enablejsapi=1"" frameborder=""0"" allow=""accelerometer; autoplay; clipboard-write; encrypted-media; gyroscope; picture-in-picture; web-share"" allowfullscreen title=""Worldless | Launch Trailer""&gt;&lt;/iframe&gt;', 'author_name': 'Thunderful Games', 'provider_name': 'YouTube', 'thumbnail_url': 'https://i.ytimg.com/vi/Z2e5IjIORHA/hqdefault.jpg', 'thumbnail_height': 360, 'author_url': 'https://www.youtube.com/@ThunderfulGames'}}",,
30,A Suicide Squad: Kill the Justice League closed alpha test has been announced,160,games,59,smokey_john,1700546219.0,https://www.videogameschronicle.com/news/a-suicide-squad-kill-the-justice-league-alpha-test-has-been-announced/,,0.79,False,False,Announcement,videogameschronicle.com,False,False,False,0,,0,False,,,
31,The Walking Dead: Destinies the Latest â€˜Worst Game of 2023â€™ Contender From Company Behind King Kong - IGN,536,games,137,zgillet,1700520292.0,https://www.ign.com/articles/the-walking-dead-destinies-the-latest-worst-game-of-2023-contender-from-company-behind-king-kong,,0.93,False,False,,ign.com,False,False,False,0,,0,False,,,
32,PlayStation rebrands Savage Game Studios as Neon Koi following exec departures,39,games,4,megaapple,1700569261.0,https://mobilegamer.biz/playstation-rebrands-savage-game-studios-as-neon-koi-following-exec-departures/,,0.75,False,False,Industry News,mobilegamer.biz,False,False,False,0,,0,False,,,
33,Destiny 2 x Witcher 3 Collaboration - Armor,13,games,9,spiral6,1700591750.0,https://twitter.com/DestinyTheGame/status/1727008986233180630,,0.65,False,False,,twitter.com,False,False,False,0,,0,False,"{'type': 'twitter.com', 'oembed': {'provider_url': 'https://twitter.com', 'version': '1.0', 'url': 'https://twitter.com/DestinyTheGame/status/1727008986233180630', 'author_name': 'Destiny 2', 'height': None, 'width': 350, 'html': '&lt;blockquote class=""twitter-video""&gt;&lt;p lang=""en"" dir=""ltr""&gt;Greetings, White Wolf.&lt;br&gt;&lt;br&gt;Inspired by Geralt of Rivia, arriving with Season of the Wish on November 28. &lt;a href=""https://t.co/TC3vLbW9s6""&gt;pic.twitter.com/TC3vLbW9s6&lt;/a&gt;&lt;/p&gt;&amp;mdash; Destiny 2 (@DestinyTheGame) &lt;a href=""https://twitter.com/DestinyTheGame/status/1727008986233180630?ref_src=twsrc%5Etfw""&gt;November 21, 2023&lt;/a&gt;&lt;/blockquote&gt;\n&lt;script async src=""https://platform.twitter.com/widgets.js"" charset=""utf-8""&gt;&lt;/script&gt;\n', 'author_url': 'https://twitter.com/DestinyTheGame', 'provider_name': 'Twitter', 'cache_age': 3153600000, 'type': 'rich'}}",,
34,Every single Sega Dreamcast game from worst to best | Hard Drive,11,games,1,ScootSchloingo,1700593432.0,https://www.youtube.com/watch?v=C1-D5YUI4HU,,0.68,False,False,Retrospective,youtube.com,False,False,False,0,,0,False,"{'type': 'youtube.com', 'oembed': {'provider_url': 'https://www.youtube.com/', 'version': '1.0', 'title': 'EVERY SEGA Dreamcast Game Ranked From Worst To Best', 'type': 'video', 'thumbnail_width': 480, 'height': 200, 'width': 356, 'html': '&lt;iframe width=""356"" height=""200"" src=""https://www.youtube.com/embed/C1-D5YUI4HU?feature=oembed&amp;enablejsapi=1"" frameborder=""0"" allow=""accelerometer; autoplay; clipboard-write; encrypted-media; gyroscope; picture-in-picture; web-share"" allowfullscreen title=""EVERY SEGA Dreamcast Game Ranked From Worst To Best""&gt;&lt;/iframe&gt;', 'author_name': 'Hard Drive Mag', 'provider_name': 'YouTube', 'thumbnail_url': 'https://i.ytimg.com/vi/C1-D5YUI4HU/hqdefault.jpg', 'thumbnail_height': 360, 'author_url': 'https://www.youtube.com/@HardDriveMag'}}",,
35,"Echoing that fake Miyamoto quote, Gabe Newell says: ""Late is just for a little while. Suck is forever""",2089,games,449,Turbostrider27,1700491178.0,https://www.gamesradar.com/echoing-that-fake-miyamoto-quote-gabe-newell-says-late-is-just-for-a-little-while-suck-is-forever/,,0.89,False,False,,gamesradar.com,False,False,False,0,,0,False,,,
36,The human cost of 2023â€™s devastating game industry layoffs,9,games,0,smokey_john,1700591979.0,https://www.polygon.com/23964448/video-game-industry-layoffs-crisis-2023,,0.62,False,False,Industry News,polygon.com,False,False,False,0,,0,False,,,
37,"""The Next Subnautica"" aims to deliver underwater survival spooks in early 2025",991,games,288,Turbostrider27,1700495037.0,https://www.rockpapershotgun.com/the-next-subnautica-aims-to-deliver-underwater-survival-spooks-in-early-2025,,0.92,False,False,,rockpapershotgun.com,False,False,False,0,,0,False,,,
38,"SOLVED: If Miyamoto Never Said His Most Famous Quote, Who Did? â€“ A Critical Hit!",638,games,78,crossbrowser,1700500083.0,https://www.acriticalhit.com/solved-miyamoto-quote-late-game-bad-forever,,0.86,False,False,Retrospective,acriticalhit.com,False,False,False,0,,0,False,,,
39,"Baldur's Gate 3, The Lord of the Rings: Gollum trials added to PlayStation Plus Premium",1294,games,351,curious_zombie_,1700485397.0,https://www.eurogamer.net/baldurs-gate-3-the-lord-of-the-rings-gollum-trials-added-to-playstation-plus-premium,,0.89,False,False,Industry News,eurogamer.net,False,False,False,0,,0,False,,,
40,"Starfield Update 1.8.86 Notes - November 20, 2023",347,games,250,Turbostrider27,1700510399.0,https://store.steampowered.com/news/app/1716740/view/5484883079152909077,,0.77,False,False,,store.steampowered.com,False,False,False,0,,0,False,,,
41,"FOCUS ENTERTAINMENT. Update on execution of the line-up and partnerships (Banishers: Ghost of New Eden, Expeditions: A MudRunner Game, Warhammer 40,000: Space Marine 2 release date in December, more)",3,games,4,Turbostrider27,1700597152.0,https://www.reddit.com/r/Games/comments/180q1o6/focus_entertainment_update_on_execution_of_the/,"FOCUS ENTERTAINMENT. Update on execution of the line-up and partnerships. Some key info were revealed in their documents including:

* During Paris Games Week in early November, which attracted 180,000 visitors (21% more than in
2022), Banishers: Ghost of New Eden, set for release on 13 February 2024, received numerous
positive reviews
* The end of 2023/2024 will also see the launch of Expeditions: A MudRunner Game. With this new
game, Focus Entertainment and Saber Interactive explore new types of gameplay on the MudRunner
franchise. This new opus, developed by the creators of SnowRunner with over 15 million players
worldwide, renews the gameplay of the famous off-road experience.
* Focus Entertainment will reveal the official launch date of the highly anticipated Warhammer
40,000: Space Marine 2 - the iconic Games Workshop licence â€“ in early December. The game is now
poised to ship in the second half of 2024, to provide the time needed to properly polish the game and
to ensure the best possible experience. 
* Focus Entertainment announces a new partnership with Afterburner Studios, based in UnitedStates, for the creation of a new intelectual co-ownership
* Focus Entertainment and Asobo are thrilled to announce they are renewing their longstanding partnership with a major new project.

Investors page

https://cdn.focus-home.com/admin/investor/website/desktop/_FILES/Communiques/focus_entertainment_pr_execution_partnership_21112023_vuk.pdf",0.67,False,False,Industry News,self.Games,False,False,False,0,,0,False,,,
42,Little Nightmares III â€“ Producer Interview,8,games,1,Turbostrider27,1700582514.0,https://www.youtube.com/watch?v=UukkqINdTjY,,0.6,False,False,,youtube.com,False,False,False,0,,0,False,"{'type': 'youtube.com', 'oembed': {'provider_url': 'https://www.youtube.com/', 'version': '1.0', 'title': 'Little Nightmares III â€“ Producer Interview', 'type': 'video', 'thumbnail_width': 480, 'height': 200, 'width': 356, 'html': '&lt;iframe width=""356"" height=""200"" src=""https://www.youtube.com/embed/UukkqINdTjY?feature=oembed&amp;enablejsapi=1"" frameborder=""0"" allow=""accelerometer; autoplay; clipboard-write; encrypted-media; gyroscope; picture-in-picture; web-share"" allowfullscreen title=""Little Nightmares III â€“ Producer Interview""&gt;&lt;/iframe&gt;', 'author_name': 'Bandai Namco Entertainment Southeast Asia', 'provider_name': 'YouTube', 'thumbnail_url': 'https://i.ytimg.com/vi/UukkqINdTjY/hqdefault.jpg', 'thumbnail_height': 360, 'author_url': 'https://www.youtube.com/@bandainamcoentasia'}}",,
43,Steam: New! Find Great Games To Play With DualShock and DualSense Controllers,682,games,163,Turbostrider27,1700494100.0,https://steamcommunity.com/games/593110/announcements/detail/3823053915988527062,,0.9,False,False,,steamcommunity.com,False,False,False,0,,0,False,,,
44,Street Fighter 6 - Lil Wayne Hits the Streets,5,games,3,Shreeder4092,1700590649.0,https://youtu.be/Y32lk-B-gvY?si=5mY_BOtR6MFUAWtS,,0.59,False,False,Trailer,youtu.be,False,False,False,0,,0,False,"{'type': 'youtube.com', 'oembed': {'provider_url': 'https://www.youtube.com/', 'version': '1.0', 'title': 'Street Fighter 6 - Lil Wayne Hits the Streets', 'type': 'video', 'thumbnail_width': 480, 'height': 200, 'width': 356, 'html': '&lt;iframe width=""356"" height=""200"" src=""https://www.youtube.com/embed/Y32lk-B-gvY?feature=oembed&amp;enablejsapi=1"" frameborder=""0"" allow=""accelerometer; autoplay; clipboard-write; encrypted-media; gyroscope; picture-in-picture; web-share"" allowfullscreen title=""Street Fighter 6 - Lil Wayne Hits the Streets""&gt;&lt;/iframe&gt;', 'author_name': 'Street Fighter', 'provider_name': 'YouTube', 'thumbnail_url': 'https://i.ytimg.com/vi/Y32lk-B-gvY/hqdefault.jpg', 'thumbnail_height': 360, 'author_url': 'https://www.youtube.com/@streetfighter'}}",,
45,[Christopher Dring] A huge surge in sales of Hogwarts Legacy on the back of the Nintendo Switch version sees it jump back to No.1 in the UK boxed charts. Third biggest Switch game launch of the year behind Zelda and Mario.,297,games,270,Joseki100,1700500083.0,https://twitter.com/Chris_Dring/status/1726627329290748352,,0.72,False,False,,twitter.com,False,False,False,0,,0,False,"{'oembed': {'provider_url': 'https://twitter.com', 'url': 'https://twitter.com/Chris_Dring/status/1726627329290748352', 'html': '&lt;blockquote class=""twitter-video""&gt;&lt;p lang=""en"" dir=""ltr""&gt;A huge surge in sales of Hogwarts Legacy on the back of the Nintendo Switch version sees it jump back to No.1 in the UK boxed charts. Third biggest Switch game launch of the year behind Zelda and Mario. Call of Duty down to No.2&lt;/p&gt;&amp;mdash; Christopher Dring (@Chris_Dring) &lt;a href=""https://twitter.com/Chris_Dring/status/1726627329290748352?ref_src=twsrc%5Etfw""&gt;November 20, 2023&lt;/a&gt;&lt;/blockquote&gt;\n&lt;script async src=""https://platform.twitter.com/widgets.js"" charset=""utf-8""&gt;&lt;/script&gt;\n', 'author_name': 'Christopher Dring', 'height': None, 'width': 350, 'version': '1.0', 'author_url': 'https://twitter.com/Chris_Dring', 'provider_name': 'Twitter', 'cache_age': 3153600000, 'type': 'rich'}, 'type': 'twitter.com'}",,
46,Jacob Geller - Three Specific Kinds of Terror,235,games,18,SirJuncan,1700502850.0,https://youtu.be/ZDrHpmkL4rY?si=ep_dqs9Jc2mDHZtQ,,0.85,False,False,Retrospective,youtu.be,False,False,False,0,,0,False,"{'oembed': {'provider_url': 'https://www.youtube.com/', 'title': 'Three Specific Kinds of Terror', 'html': '&lt;iframe width=""356"" height=""200"" src=""https://www.youtube.com/embed/ZDrHpmkL4rY?feature=oembed&amp;enablejsapi=1"" frameborder=""0"" allow=""accelerometer; autoplay; clipboard-write; encrypted-media; gyroscope; picture-in-picture; web-share"" allowfullscreen title=""Three Specific Kinds of Terror""&gt;&lt;/iframe&gt;', 'thumbnail_width': 480, 'height': 200, 'width': 356, 'version': '1.0', 'author_name': 'Jacob Geller', 'provider_name': 'YouTube', 'thumbnail_url': 'https://i.ytimg.com/vi/ZDrHpmkL4rY/hqdefault.jpg', 'type': 'video', 'thumbnail_height': 360, 'author_url': 'https://www.youtube.com/@JacobGeller'}, 'type': 'youtube.com'}",,
47,GTA: Development of the trilogy &amp; IV: What life was like inside Rockstar North.,213,games,31,Turbostrider27,1700503161.0,https://insiderockstarnorth.blogspot.com/2023/11/development-of-vice-city-2002.html,,0.84,False,False,,insiderockstarnorth.blogspot.com,False,False,False,0,,0,False,,,
48,JoJo's Bizarre Adventure: All-Star Battle R - Season Pass 2 Final Character Reveal,5,games,1,DemiFiendRSA,1700576003.0,https://www.youtube.com/watch?v=bjzYbEjE-C4,,0.59,False,False,,youtube.com,False,False,False,0,,0,False,"{'oembed': {'provider_url': 'https://www.youtube.com/', 'title': ""JoJo's Bizarre Adventure: All-Star Battle R - Season Pass 2 Final Character Reveal"", 'html': '&lt;iframe width=""356"" height=""200"" src=""https://www.youtube.com/embed/bjzYbEjE-C4?feature=oembed&amp;enablejsapi=1"" frameborder=""0"" allow=""accelerometer; autoplay; clipboard-write; encrypted-media; gyroscope; picture-in-picture; web-share"" allowfullscreen title=""JoJo&amp;#39;s Bizarre Adventure: All-Star Battle R - Season Pass 2 Final Character Reveal""&gt;&lt;/iframe&gt;', 'thumbnail_width': 480, 'height': 200, 'width': 356, 'version': '1.0', 'author_name': 'Bandai Namco Entertainment America', 'provider_name': 'YouTube', 'thumbnail_url': 'https://i.ytimg.com/vi/bjzYbEjE-C4/hqdefault.jpg', 'type': 'video', 'thumbnail_height': 360, 'author_url': 'https://www.youtube.com/@BandaiNamcoAmerica'}, 'type': 'youtube.com'}",,
49,The Witcher 2: Assassins of Kings now supports Apple silicon chips,178,games,42,Turbostrider27,1700500511.0,https://store.steampowered.com/news/app/20920/view/6161548922959215976?l=english,,0.82,False,False,,store.steampowered.com,False,False,False,0,,0,False,,,
50,Against the Storm - Leaving Early Access on December 8,170,games,36,JamesVagabond,1700498744.0,https://store.steampowered.com/news/app/1336490/view/6187444621034882563,,0.9,False,False,,store.steampowered.com,False,False,False,0,,0,False,,,
51,Wallace &amp; Gromit in The Grand Getaway VR Official Trailer for Meta Quest,1,games,0,SlartySprinter,1700596592.0,https://youtu.be/-B3FFK7k6Co,,0.57,False,False,Trailer,youtu.be,False,False,False,0,,0,False,"{'type': 'youtube.com', 'oembed': {'provider_url': 'https://www.youtube.com/', 'version': '1.0', 'title': 'Wallace &amp; Gromit in The Grand Getaway VR Official Trailer for Meta Quest', 'type': 'video', 'thumbnail_width': 480, 'height': 200, 'width': 356, 'html': '&lt;iframe width=""356"" height=""200"" src=""https://www.youtube.com/embed/-B3FFK7k6Co?feature=oembed&amp;enablejsapi=1"" frameborder=""0"" allow=""accelerometer; autoplay; clipboard-write; encrypted-media; gyroscope; picture-in-picture; web-share"" allowfullscreen title=""Wallace &amp;amp; Gromit in The Grand Getaway VR Official Trailer for Meta Quest""&gt;&lt;/iframe&gt;', 'author_name': 'Astrea', 'provider_name': 'YouTube', 'thumbnail_url': 'https://i.ytimg.com/vi/-B3FFK7k6Co/hqdefault.jpg', 'thumbnail_height': 360, 'author_url': 'https://www.youtube.com/@astrea3197'}}",,
52,Tyler Glaiel co-designer of Edmund Mcmillen's upcoming roguelike Mewgenics shows off what your tank cats can do.,97,games,37,nzm3883,1700505778.0,https://store.steampowered.com/news/app/686060/view/5484883079149942308,,0.79,False,False,Update,store.steampowered.com,False,False,False,0,,0,False,,,
53,Battle Garegga - A Love Letter to Arcade Design,18,games,0,Firmament1,1700535533.0,https://www.youtube.com/watch?v=HFj35vNEg-c,,0.71,False,False,Retrospective,youtube.com,False,False,False,0,,0,False,"{'oembed': {'provider_url': 'https://www.youtube.com/', 'title': 'Battle Garegga - a love Letter to Arcade Design', 'html': '&lt;iframe width=""356"" height=""200"" src=""https://www.youtube.com/embed/HFj35vNEg-c?feature=oembed&amp;enablejsapi=1"" frameborder=""0"" allow=""accelerometer; autoplay; clipboard-write; encrypted-media; gyroscope; picture-in-picture; web-share"" allowfullscreen title=""Battle Garegga - a love Letter to Arcade Design""&gt;&lt;/iframe&gt;', 'thumbnail_width': 480, 'height': 200, 'width': 356, 'version': '1.0', 'author_name': 'LukeGirard', 'provider_name': 'YouTube', 'thumbnail_url': 'https://i.ytimg.com/vi/HFj35vNEg-c/hqdefault.jpg', 'type': 'video', 'thumbnail_height': 360, 'author_url': 'https://www.youtube.com/@RealLukeGirard'}, 'type': 'youtube.com'}",,
54,[LEGEND OF YMIR] Gameplay Trailer,2,games,0,Rob_Cram,1700590230.0,https://youtube.com/watch?v=5A45NX1gK4E&amp;si=L5gmIw-oTdeo-X4o,,0.57,False,False,Trailer,youtube.com,False,False,False,0,,0,False,"{'type': 'youtube.com', 'oembed': {'provider_url': 'https://www.youtube.com/', 'version': '1.0', 'title': '[LEGEND OF YMIR] Gameplay Trailer', 'type': 'video', 'thumbnail_width': 480, 'height': 200, 'width': 356, 'html': '&lt;iframe width=""356"" height=""200"" src=""https://www.youtube.com/embed/5A45NX1gK4E?feature=oembed&amp;enablejsapi=1"" frameborder=""0"" allow=""accelerometer; autoplay; clipboard-write; encrypted-media; gyroscope; picture-in-picture; web-share"" allowfullscreen title=""[LEGEND OF YMIR] Gameplay Trailer""&gt;&lt;/iframe&gt;', 'author_name': 'WEMADE Global', 'provider_name': 'YouTube', 'thumbnail_url': 'https://i.ytimg.com/vi/5A45NX1gK4E/hqdefault.jpg', 'thumbnail_height': 360, 'author_url': 'https://www.youtube.com/@WEMADEGlobal'}}",,
55,Starminer Announcement | Paradox Arc,151,games,21,Turbostrider27,1700491892.0,https://www.youtube.com/watch?v=MtekOaZmaBc,,0.85,False,False,Trailer,youtube.com,False,False,False,0,,0,False,"{'oembed': {'provider_url': 'https://www.youtube.com/', 'title': 'Starminer Announcement | Paradox Arc', 'html': '&lt;iframe width=""356"" height=""200"" src=""https://www.youtube.com/embed/MtekOaZmaBc?feature=oembed&amp;enablejsapi=1"" frameborder=""0"" allow=""accelerometer; autoplay; clipboard-write; encrypted-media; gyroscope; picture-in-picture; web-share"" allowfullscreen title=""Starminer Announcement | Paradox Arc""&gt;&lt;/iframe&gt;', 'thumbnail_width': 480, 'height': 200, 'width': 356, 'version': '1.0', 'author_name': 'Paradox Interactive', 'provider_name': 'YouTube', 'thumbnail_url': 'https://i.ytimg.com/vi/MtekOaZmaBc/hqdefault.jpg', 'type': 'video', 'thumbnail_height': 360, 'author_url': 'https://www.youtube.com/@paradoxinteractive'}, 'type': 'youtube.com'}",,
56,The Oral History Of The Simpsons: Hit &amp; Run - MinnMax Interview,71,games,2,Pseudosis,1700500960.0,https://www.youtube.com/watch?v=W9WyAUWwoB4,,0.81,False,False,Retrospective,youtube.com,False,False,False,0,,0,False,"{'oembed': {'provider_url': 'https://www.youtube.com/', 'title': 'The Oral History Of The Simpsons: Hit &amp; Run - MinnMax Interview', 'html': '&lt;iframe width=""356"" height=""200"" src=""https://www.youtube.com/embed/W9WyAUWwoB4?feature=oembed&amp;enablejsapi=1"" frameborder=""0"" allow=""accelerometer; autoplay; clipboard-write; encrypted-media; gyroscope; picture-in-picture; web-share"" allowfullscreen title=""The Oral History Of The Simpsons: Hit &amp;amp; Run - MinnMax Interview""&gt;&lt;/iframe&gt;', 'thumbnail_width': 480, 'height': 200, 'width': 356, 'version': '1.0', 'author_name': 'MinnMax', 'provider_name': 'YouTube', 'thumbnail_url': 'https://i.ytimg.com/vi/W9WyAUWwoB4/hqdefault.jpg', 'type': 'video', 'thumbnail_height': 360, 'author_url': 'https://www.youtube.com/@minnmax'}, 'type': 'youtube.com'}",,
57,Harry Krueger to depart from Housemarque after almost 15 remarkable years,133,games,21,Turbostrider27,1700487402.0,https://housemarque.com/news/2023/11/16/harry-krueger-to-depart-from-housemarque-after-almost-15-remarkable-years,,0.79,False,False,,housemarque.com,False,False,False,0,,0,False,,,
58,"Nippon Ichi Software announces roguelike strategy RPG Bar Stella Abyss for PS5, PS4, and Switch",98,games,11,Turbostrider27,1700485275.0,https://www.gematsu.com/2023/11/nippon-ichi-software-announces-roguelike-strategy-rpg-bar-stella-abyss-for-ps5-ps4-and-switch,,0.82,False,False,,gematsu.com,False,False,False,0,,0,False,,,
59,Early Black Friday deals put Hogwarts Legacy back at No.1 | UK Boxed Charts,61,games,56,Turbostrider27,1700494950.0,https://www.gamesindustry.biz/early-black-friday-deals-put-hogwarts-legacy-back-at-no1-uk-boxed-charts,,0.63,False,False,,gamesindustry.biz,False,False,False,0,,0,False,,,
60,How Black Myth: Wukong Developerâ€™s History of Sexism Is Complicating its Journey to the West,70,games,220,Lulcielid,1700491119.0,https://www.ign.com/articles/how-black-myth-wukong-developers-history-of-sexism-is-complicating-its-journey-to-the-west,,0.55,False,False,Industry News,ign.com,False,False,False,0,,0,False,,,
61,Cities Skylines 2: Release Roadmap. Expansion pass coming 2024,65,games,57,Turbostrider27,1700492508.0,https://forum.paradoxplaza.com/forum/threads/expansion-pass-updated-timeline.1611880/,,0.69,False,False,,forum.paradoxplaza.com,False,False,False,0,,0,False,,,
62,[Video Game Animation Study] The Animation in Super Mario Wonder,39,games,4,Soupkitten,1700499724.0,https://www.youtube.com/watch?v=3kIULxgnXOg,,0.73,False,False,,youtube.com,False,False,False,0,,0,False,"{'oembed': {'provider_url': 'https://www.youtube.com/', 'title': 'The Animation in Super Mario Wonder', 'html': '&lt;iframe width=""356"" height=""200"" src=""https://www.youtube.com/embed/3kIULxgnXOg?feature=oembed&amp;enablejsapi=1"" frameborder=""0"" allow=""accelerometer; autoplay; clipboard-write; encrypted-media; gyroscope; picture-in-picture; web-share"" allowfullscreen title=""The Animation in Super Mario Wonder""&gt;&lt;/iframe&gt;', 'thumbnail_width': 480, 'height': 200, 'width': 356, 'version': '1.0', 'author_name': 'Video Game Animation Study', 'provider_name': 'YouTube', 'thumbnail_url': 'https://i.ytimg.com/vi/3kIULxgnXOg/hqdefault.jpg', 'type': 'video', 'thumbnail_height': 360, 'author_url': 'https://www.youtube.com/@VideoGameAnimationStudy'}, 'type': 'youtube.com'}",,
63,"All of Half-Life's textures were created by a single person, new making-of documentary explains",739,games,156,curious_zombie_,1700439994.0,https://www.rockpapershotgun.com/all-of-half-lifes-textures-were-created-by-a-single-person-new-making-of-documentary-explains,,0.78,False,False,Industry News,rockpapershotgun.com,False,False,False,0,,0,False,,,
64,"[AMA] Hello! This is 9FingerGames, a small studio behind popular games Hereticâ€™s Fork &amp; Zapling Bygone. Ask Us Anything!",49,games,22,HereticsForkOfficial,1700490122.0,https://www.reddit.com/r/Games/comments/17zplx0/ama_hello_this_is_9fingergames_a_small_studio/,"**Hello** r/Games,

This is 9FingerGames, a one-man studio led by Stevie Andrea, video game creator behind Hereticâ€™s Fork &amp; Zapling Bygone weâ€™re very excited today to host an AMA here to answer all your questions regarding development

**What is Heretic's Fork?**

Itâ€™s a Bullet Heaven x Deckbuilder x Tower Defense game where players use cards to fortify their base with structures from a multitude of different Garrisons and Towers all in the goal of stopping sinners from trying to escape via a portal to earth inside of hell that you have to defend, the game consists of nine levels, each representing a different circle of Hell, we also have and Endless Mode if youâ€™re into high scores and a Torment mode if you like the challenge.

The game itself is doing amazing, and we managed to amass over 1,000 Reviews in less than 4 weeks of launch, we also have some collaborations planned, and while preparing this AMA a collaboration with Running with Scissors &amp; POSTAL DUDE should be taking place as well as the launch of our second Major Update since we launched the game back in September 13th.

**Our Launch Trailer:** [https://www.youtube.com/watch?v=I692\_iRf6SY](https://www.youtube.com/watch?v=I692_iRf6SY)

**Who will be answering you?**

u/oatskeepyouregular â€” Stevie Andrea, Game Developer   
u/HereticsForkOfficial â€” Mike Pyslar, Community Director

**Questions**

Well as this is an open AMA, you are free to ask us anything youâ€™d like ranging from the game, our small studio, our early struggles, what we do to chill outâ€¦send them all our way!

**Links for Heretic's Fork:**

Steam: [https://store.steampowered.com/app/2181610/Heretics\_Fork/](https://store.steampowered.com/app/2181610/Heretics_Fork/)   
Twitter: [https://twitter.com/play\_heretics](https://twitter.com/play_heretics)   
Discord: [https://discord.gg/a6TXGt9TGm](https://discord.gg/a6TXGt9TGm)",0.73,False,False,Verified AMA,self.Games,False,False,False,0,Community Manager | 9FingerGames,0,False,,,
65,"Fortnite Promises 'Unforgettable' Big Bang Event, Probably Starring Eminem",0,games,0,smokey_john,1700591822.0,https://www.ign.com/articles/fortnite-promises-unforgettable-big-bang-event-probably-starring-eminem,,0.38,False,False,Industry News,ign.com,False,False,False,0,,0,False,,,
66,Atelier Resleriana: Forgotten Alchemy and the Polar Night Liberator is going global!,14,games,4,Due_Engineering2284,1700501855.0,https://twitter.com/KoeiTecmoUS/status/1726601298617987224,,0.65,False,False,,twitter.com,False,False,False,0,,0,False,"{'oembed': {'provider_url': 'https://twitter.com', 'url': 'https://twitter.com/KoeiTecmoUS/status/1726601298617987224', 'html': '&lt;blockquote class=""twitter-video""&gt;&lt;p lang=""en"" dir=""ltr""&gt;Atelier Resleriana: Forgotten Alchemy and the Polar Night Liberator is going global!&lt;br&gt;&lt;br&gt; &lt;a href=""https://t.co/u8AQu4d0th""&gt;https://t.co/u8AQu4d0th&lt;/a&gt;&lt;br&gt;&lt;br&gt;Twitter: &lt;a href=""https://t.co/NE5rMNzlVN""&gt;https://t.co/NE5rMNzlVN&lt;/a&gt;&lt;br&gt;YouTube: &lt;a href=""https://t.co/ACBrw0L3ke""&gt;https://t.co/ACBrw0L3ke&lt;/a&gt;&lt;br&gt;&lt;br&gt;Pre-register for Atelier Resleriana now!&lt;a href=""https://t.co/Ovq7p8nqWO""&gt;https://t.co/Ovq7p8nqWO&lt;/a&gt;&lt;a href=""https://twitter.com/hashtag/Resleriana?src=hash&amp;amp;ref_src=twsrc%5Etfw""&gt;#Resleriana&lt;/a&gt; &lt;a href=""https://twitter.com/hashtag/KTfamily?src=hash&amp;amp;ref_src=twsrc%5Etfw""&gt;#KTfamily&lt;/a&gt; &lt;a href=""https://t.co/tdY3oucCBj""&gt;pic.twitter.com/tdY3oucCBj&lt;/a&gt;&lt;/p&gt;&amp;mdash; KOEI TECMO AMERICA (@KoeiTecmoUS) &lt;a href=""https://twitter.com/KoeiTecmoUS/status/1726601298617987224?ref_src=twsrc%5Etfw""&gt;November 20, 2023&lt;/a&gt;&lt;/blockquote&gt;\n&lt;script async src=""https://platform.twitter.com/widgets.js"" charset=""utf-8""&gt;&lt;/script&gt;\n', 'author_name': 'KOEI TECMO AMERICA', 'height': None, 'width': 350, 'version': '1.0', 'author_url': 'https://twitter.com/KoeiTecmoUS', 'provider_name': 'Twitter', 'cache_age': 3153600000, 'type': 'rich'}, 'type': 'twitter.com'}",,
67,"The Texas Chain Saw Massacre - Nancy's House Map, Nancy, and Danny DLC",7,games,4,Turbostrider27,1700515954.0,https://www.youtube.com/watch?v=l0gDy_a1AH0,,0.57,False,False,,youtube.com,False,False,False,0,,0,False,"{'oembed': {'provider_url': 'https://www.youtube.com/', 'title': ""The Texas Chain Saw Massacre - Nancy's House Map, Nancy, and Danny DLC"", 'html': '&lt;iframe width=""356"" height=""200"" src=""https://www.youtube.com/embed/l0gDy_a1AH0?feature=oembed&amp;enablejsapi=1"" frameborder=""0"" allow=""accelerometer; autoplay; clipboard-write; encrypted-media; gyroscope; picture-in-picture; web-share"" allowfullscreen title=""The Texas Chain Saw Massacre - Nancy&amp;#39;s House Map, Nancy, and Danny DLC""&gt;&lt;/iframe&gt;', 'thumbnail_width': 480, 'height': 200, 'width': 356, 'version': '1.0', 'author_name': 'Gun', 'provider_name': 'YouTube', 'thumbnail_url': 'https://i.ytimg.com/vi/l0gDy_a1AH0/hqdefault.jpg', 'type': 'video', 'thumbnail_height': 360, 'author_url': 'https://www.youtube.com/@GunInteractive'}, 'type': 'youtube.com'}",,
68,[ETA PRIME] Steam Deck OLED Vs ROG Ally Vs Legion Go,0,games,7,kikimaru024,1700580156.0,https://www.youtube.com/watch?v=cQ9iJ5V1FU8,,0.44,False,False,Review,youtube.com,False,False,False,0,,0,False,"{'type': 'youtube.com', 'oembed': {'provider_url': 'https://www.youtube.com/', 'version': '1.0', 'title': 'Steam Deck OLED Vs ROG Ally Vs Legion Go, And The BEST Hand-Held Is...', 'type': 'video', 'thumbnail_width': 480, 'height': 200, 'width': 356, 'html': '&lt;iframe width=""356"" height=""200"" src=""https://www.youtube.com/embed/cQ9iJ5V1FU8?feature=oembed&amp;enablejsapi=1"" frameborder=""0"" allow=""accelerometer; autoplay; clipboard-write; encrypted-media; gyroscope; picture-in-picture; web-share"" allowfullscreen title=""Steam Deck OLED Vs ROG Ally Vs Legion Go, And The BEST Hand-Held Is...""&gt;&lt;/iframe&gt;', 'author_name': 'ETA PRIME', 'provider_name': 'YouTube', 'thumbnail_url': 'https://i.ytimg.com/vi/cQ9iJ5V1FU8/hqdefault.jpg', 'thumbnail_height': 360, 'author_url': 'https://www.youtube.com/@ETAPRIME'}}",,
69,"Windowscentral: ""I like to see new ideas. When we partnered with Microsoft, that's what we saw ..."" ARA: History Untold's devs spoke with us about building the next great PC strategy game",0,games,0,Turbostrider27,1700587507.0,https://www.windowscentral.com/gaming/pc-gaming/i-like-to-see-new-ideas-when-we-partnered-with-microsoft-thats-what-we-saw-ara-history-untolds-devs-spoke-with-us-about-building-the-next-great-pc-strategy-game,,0.4,False,False,,windowscentral.com,False,False,False,0,,0,False,,,
70,Total War: WARHAMMER III - Patch 4.1.0,11,games,2,Shinenzu,1700508482.0,https://www.totalwar.com/blog/tww3-update-410/,,0.64,False,False,,totalwar.com,False,False,False,0,,0,False,,,
71,Lethal Company reaches 100k concurrent players on Steam,723,games,81,chenDawg,1700420455.0,https://twitter.com/ZeekerssRBLX/status/1726106297534415030,,0.91,False,False,,twitter.com,False,False,False,0,,0,False,"{'oembed': {'provider_url': 'https://twitter.com', 'url': 'https://twitter.com/ZeekerssRBLX/status/1726106297534415030', 'html': '&lt;blockquote class=""twitter-video""&gt;&lt;p lang=""en"" dir=""ltr""&gt;While I was asleep Lethal Company passed 100,000 concurrent players. Unbelievable, thank you for playing. Releasing updates for this game will be very fun. &lt;a href=""https://t.co/VYQgfve4hr""&gt;pic.twitter.com/VYQgfve4hr&lt;/a&gt;&lt;/p&gt;&amp;mdash; Zeekerss (@ZeekerssRBLX) &lt;a href=""https://twitter.com/ZeekerssRBLX/status/1726106297534415030?ref_src=twsrc%5Etfw""&gt;November 19, 2023&lt;/a&gt;&lt;/blockquote&gt;\n&lt;script async src=""https://platform.twitter.com/widgets.js"" charset=""utf-8""&gt;&lt;/script&gt;\n', 'author_name': 'Zeekerss', 'height': None, 'width': 350, 'version': '1.0', 'author_url': 'https://twitter.com/ZeekerssRBLX', 'provider_name': 'Twitter', 'cache_age': 3153600000, 'type': 'rich'}, 'type': 'twitter.com'}",,
72,Gas Station Simulator â€“ Tidal Wave DLC â€“ Teaser,10,games,2,Rob_Cram,1700503919.0,https://youtube.com/watch?v=8tV7FROi3Bo&amp;si=1nxsV5zM-Y2dC9YZ,,0.64,False,False,Trailer,youtube.com,False,False,False,0,,0,False,"{'oembed': {'provider_url': 'https://www.youtube.com/', 'title': 'Gas Station Simulator â€“ Tidal Wave DLC â€“ Teaser', 'html': '&lt;iframe width=""356"" height=""200"" src=""https://www.youtube.com/embed/8tV7FROi3Bo?feature=oembed&amp;enablejsapi=1"" frameborder=""0"" allow=""accelerometer; autoplay; clipboard-write; encrypted-media; gyroscope; picture-in-picture; web-share"" allowfullscreen title=""Gas Station Simulator â€“ Tidal Wave DLC â€“ Teaser""&gt;&lt;/iframe&gt;', 'thumbnail_width': 480, 'height': 200, 'width': 356, 'version': '1.0', 'author_name': 'DRAGO entertainment', 'provider_name': 'YouTube', 'thumbnail_url': 'https://i.ytimg.com/vi/8tV7FROi3Bo/hqdefault.jpg', 'type': 'video', 'thumbnail_height': 360, 'author_url': 'https://www.youtube.com/@dragoent'}, 'type': 'youtube.com'}",,
73,LoL Worlds 2023 shatters records as the most viewed esports event ever,2571,games,493,Mront,1700394839.0,https://www.dexerto.com/league-of-legends/lol-worlds-2023-shatters-records-as-the-most-viewed-esports-event-ever-2390533/,,0.86,False,False,,dexerto.com,False,False,False,0,,0,False,,,
74,"Final Fantasy VII Ever Crisis: We're thrilled to announce that FF7EC has been published to Steam! The release date will be announced later, so please add it to your wishlist and stay tuned!",123,games,128,Turbostrider27,1700453206.0,https://twitter.com/FFVII_EC_EN/status/1726447722956468420,,0.71,False,False,,twitter.com,False,False,False,0,,0,False,"{'oembed': {'provider_url': 'https://twitter.com', 'url': 'https://twitter.com/FFVII_EC_EN/status/1726447722956468420', 'html': '&lt;blockquote class=""twitter-video""&gt;&lt;p lang=""en"" dir=""ltr""&gt;FF7EC Has Been Published to Steam!&lt;br&gt;&lt;br&gt;We&amp;#39;re thrilled to announce that FF7EC has been published to Steam!&lt;br&gt;The release date will be announced later, so please add it to your wishlist and stay tuned!&lt;br&gt;&lt;br&gt;â–¼Store URL&lt;a href=""https://t.co/bXWUuFsPIH""&gt;https://t.co/bXWUuFsPIH&lt;/a&gt;&lt;a href=""https://twitter.com/hashtag/FF7EC?src=hash&amp;amp;ref_src=twsrc%5Etfw""&gt;#FF7EC&lt;/a&gt; &lt;a href=""https://twitter.com/hashtag/FF7EverCrisis?src=hash&amp;amp;ref_src=twsrc%5Etfw""&gt;#FF7EverCrisis&lt;/a&gt; &lt;a href=""https://t.co/2VFzccvlcp""&gt;pic.twitter.com/2VFzccvlcp&lt;/a&gt;&lt;/p&gt;&amp;mdash; FINAL FANTASY VII EVER CRISIS_ENï½œFF7EC (@FFVII_EC_EN) &lt;a href=""https://twitter.com/FFVII_EC_EN/status/1726447722956468420?ref_src=twsrc%5Etfw""&gt;November 20, 2023&lt;/a&gt;&lt;/blockquote&gt;\n&lt;script async src=""https://platform.twitter.com/widgets.js"" charset=""utf-8""&gt;&lt;/script&gt;\n', 'author_name': 'FINAL FANTASY VII EVER CRISIS_ENï½œFF7EC', 'height': None, 'width': 350, 'version': '1.0', 'author_url': 'https://twitter.com/FFVII_EC_EN', 'provider_name': 'Twitter', 'cache_age': 3153600000, 'type': 'rich'}, 'type': 'twitter.com'}",,
75,Asgardâ€™s Wrath 2 | Cinematic Launch Trailer | Meta Quest 2 3 Pro,10,games,7,Rob_Cram,1700493868.0,https://youtube.com/watch?v=Dg6J40ighC4&amp;si=dKGX5kY6CvWrTEDN,,0.59,False,False,Trailer,youtube.com,False,False,False,0,,0,False,"{'oembed': {'provider_url': 'https://www.youtube.com/', 'title': 'Asgardâ€™s Wrath 2 | Cinematic Launch Trailer | Meta Quest 2 + 3 + Pro', 'html': '&lt;iframe width=""356"" height=""200"" src=""https://www.youtube.com/embed/Dg6J40ighC4?feature=oembed&amp;enablejsapi=1"" frameborder=""0"" allow=""accelerometer; autoplay; clipboard-write; encrypted-media; gyroscope; picture-in-picture; web-share"" allowfullscreen title=""Asgardâ€™s Wrath 2 | Cinematic Launch Trailer | Meta Quest 2 + 3 + Pro""&gt;&lt;/iframe&gt;', 'thumbnail_width': 480, 'height': 200, 'width': 356, 'version': '1.0', 'author_name': 'Meta Quest ', 'provider_name': 'YouTube', 'thumbnail_url': 'https://i.ytimg.com/vi/Dg6J40ighC4/hqdefault.jpg', 'type': 'video', 'thumbnail_height': 360, 'author_url': 'https://www.youtube.com/@MetaQuestVR'}, 'type': 'youtube.com'}",,
76,"Devolver: Congrats to @Croteam on The Talos Principle 2 becoming the most acclaimed game in their thirty-year history! And thanks to the over 100,000 players that have ventured into the mysteries of this philosophical masterpiece.",708,games,98,Turbostrider27,1700410963.0,https://twitter.com/devolverdigital/status/1726274596012253318,,0.91,False,False,,twitter.com,False,False,False,0,,0,False,"{'oembed': {'provider_url': 'https://twitter.com', 'url': 'https://twitter.com/devolverdigital/status/1726274596012253318', 'html': '&lt;blockquote class=""twitter-video""&gt;&lt;p lang=""en"" dir=""ltr""&gt;Congrats to &lt;a href=""https://twitter.com/Croteam?ref_src=twsrc%5Etfw""&gt;@Croteam&lt;/a&gt; on The Talos Principle 2 becoming the most acclaimed game in their thirty-year history!&lt;br&gt;&lt;br&gt;And thanks to the over 100,000 players that have ventured into the mysteries of this philosophical masterpiece. &lt;a href=""https://t.co/B721ia1Vxt""&gt;pic.twitter.com/B721ia1Vxt&lt;/a&gt;&lt;/p&gt;&amp;mdash; Devolver Digital (@devolverdigital) &lt;a href=""https://twitter.com/devolverdigital/status/1726274596012253318?ref_src=twsrc%5Etfw""&gt;November 19, 2023&lt;/a&gt;&lt;/blockquote&gt;\n&lt;script async src=""https://platform.twitter.com/widgets.js"" charset=""utf-8""&gt;&lt;/script&gt;\n', 'author_name': 'Devolver Digital', 'height': None, 'width': 350, 'version': '1.0', 'author_url': 'https://twitter.com/devolverdigital', 'provider_name': 'Twitter', 'cache_age': 3153600000, 'type': 'rich'}, 'type': 'twitter.com'}",,
77,"Allard Laban dives into the past, present, and future of Jackbox Games",2,games,3,Turbostrider27,1700524895.0,https://www.gamedeveloper.com/business/allard-laban-dives-into-the-past-present-and-future-of-jackbox-games,,0.53,False,False,,gamedeveloper.com,False,False,False,0,,0,False,,,
78,Peglin - Indie Game Review,0,games,7,KyotoCrank,1700537935.0,https://youtu.be/b8L5Sr5jg0I?si=LF4uZ4b18uQedXM4,,0.49,False,False,Review,youtu.be,False,False,False,0,,0,False,"{'oembed': {'provider_url': 'https://www.youtube.com/', 'title': 'Peglin Review - Indie Game Review', 'html': '&lt;iframe width=""356"" height=""200"" src=""https://www.youtube.com/embed/b8L5Sr5jg0I?feature=oembed&amp;enablejsapi=1"" frameborder=""0"" allow=""accelerometer; autoplay; clipboard-write; encrypted-media; gyroscope; picture-in-picture; web-share"" allowfullscreen title=""Peglin Review - Indie Game Review""&gt;&lt;/iframe&gt;', 'thumbnail_width': 480, 'height': 200, 'width': 356, 'version': '1.0', 'author_name': 'KyotoCrank', 'provider_name': 'YouTube', 'thumbnail_url': 'https://i.ytimg.com/vi/b8L5Sr5jg0I/hqdefault.jpg', 'type': 'video', 'thumbnail_height': 360, 'author_url': 'https://www.youtube.com/@KyotoCrank'}, 'type': 'youtube.com'}",,
79,"Half-LIfe: November 19, 2023 Update",580,games,64,Turbostrider27,1700409450.0,https://store.steampowered.com/news/app/70/view/6941797558601476248,,0.9,False,False,,store.steampowered.com,False,False,False,0,,0,False,,,
80,"IGN: 25 Years On, Half-Life Still Feels Like Itâ€™s From the Future",517,games,198,Turbostrider27,1700409802.0,https://www.ign.com/articles/25-years-on-half-life-still-feels-like-its-from-the-future,,0.75,False,False,Retrospective,ign.com,False,False,False,0,,0,False,,,
81,Scarlet &amp; Violet's Second DLC finally offers a tough Pokemon Adventure,0,games,11,Turbostrider27,1700575301.0,https://www.videogameschronicle.com/features/scarlet-violets-second-dlc-finally-offers-a-tough-pokemon-adventure/,,0.41,False,False,,videogameschronicle.com,False,False,False,0,,0,False,,,
82,Nakwon: Last Paradise â€“ Exclusive First Gameplay Trailer,8,games,3,Turbostrider27,1700488895.0,https://www.youtube.com/watch?v=CrSqgUL5Z_I,,0.57,False,False,,youtube.com,False,False,False,0,,0,False,"{'type': 'youtube.com', 'oembed': {'provider_url': 'https://www.youtube.com/', 'version': '1.0', 'title': 'Nakwon: Last Paradise â€“ Exclusive First Gameplay Trailer', 'type': 'video', 'thumbnail_width': 480, 'height': 200, 'width': 356, 'html': '&lt;iframe width=""356"" height=""200"" src=""https://www.youtube.com/embed/CrSqgUL5Z_I?feature=oembed&amp;enablejsapi=1"" frameborder=""0"" allow=""accelerometer; autoplay; clipboard-write; encrypted-media; gyroscope; picture-in-picture; web-share"" allowfullscreen title=""Nakwon: Last Paradise â€“ Exclusive First Gameplay Trailer""&gt;&lt;/iframe&gt;', 'author_name': 'IGN', 'provider_name': 'YouTube', 'thumbnail_url': 'https://i.ytimg.com/vi/CrSqgUL5Z_I/hqdefault.jpg', 'thumbnail_height': 360, 'author_url': 'https://www.youtube.com/@IGN'}}",,
83,"Digital Foundry: Steam Deck OLED doesn't just look better than LCD, it plays better too",447,games,128,Turbostrider27,1700406923.0,https://www.youtube.com/watch?v=LkrV6VlGPIE&amp;feature=youtu.be,,0.87,False,False,Review,youtube.com,False,False,False,0,,0,False,"{'type': 'youtube.com', 'oembed': {'provider_url': 'https://www.youtube.com/', 'version': '1.0', 'title': 'Steam Deck OLED Plays Better Than Steam Deck LCD: Big Input Lag Reductions', 'type': 'video', 'thumbnail_width': 480, 'height': 200, 'width': 356, 'html': '&lt;iframe width=""356"" height=""200"" src=""https://www.youtube.com/embed/LkrV6VlGPIE?feature=oembed&amp;enablejsapi=1"" frameborder=""0"" allow=""accelerometer; autoplay; clipboard-write; encrypted-media; gyroscope; picture-in-picture; web-share"" allowfullscreen title=""Steam Deck OLED Plays Better Than Steam Deck LCD: Big Input Lag Reductions""&gt;&lt;/iframe&gt;', 'author_name': 'Digital Foundry', 'provider_name': 'YouTube', 'thumbnail_url': 'https://i.ytimg.com/vi/LkrV6VlGPIE/hqdefault.jpg', 'thumbnail_height': 360, 'author_url': 'https://www.youtube.com/@DigitalFoundry'}}",,
84,Ark: Survival Ascended Console Launch Date,1,games,10,Mago6246,1700525371.0,https://twitter.com/survivetheark/status/1726750222817394714?t=l52jrOTcN9VwXhob1i3AkA&amp;s=19,"Xbox Release Date: November 21st @ 9:00 Pacific Time  
PlayStation Release Date: Delayed (Again)",0.51,False,False,Announcement,twitter.com,False,False,False,0,,0,False,"{'type': 'twitter.com', 'oembed': {'provider_url': 'https://twitter.com', 'version': '1.0', 'url': 'https://twitter.com/survivetheark/status/1726750222817394714', 'author_name': 'ARK: Survival Ascended', 'height': None, 'width': 350, 'html': '&lt;blockquote class=""twitter-video""&gt;&lt;p lang=""zxx"" dir=""ltr""&gt;&lt;a href=""https://t.co/nnvCdPEUce""&gt;pic.twitter.com/nnvCdPEUce&lt;/a&gt;&lt;/p&gt;&amp;mdash; ARK: Survival Ascended (@survivetheark) &lt;a href=""https://twitter.com/survivetheark/status/1726750222817394714?ref_src=twsrc%5Etfw""&gt;November 20, 2023&lt;/a&gt;&lt;/blockquote&gt;\n&lt;script async src=""https://platform.twitter.com/widgets.js"" charset=""utf-8""&gt;&lt;/script&gt;\n', 'author_url': 'https://twitter.com/survivetheark', 'provider_name': 'Twitter', 'cache_age': 3153600000, 'type': 'rich'}}",,
85,Portal: Revolution (Portal 2 Mod) - Official Trailer,314,games,38,newsstan,1700412235.0,https://youtu.be/cXczxIIvXJ0?si=ocCj438gbjGgNVDw,,0.89,False,False,Mod News,youtu.be,False,False,False,0,,0,False,"{'type': 'youtube.com', 'oembed': {'provider_url': 'https://www.youtube.com/', 'version': '1.0', 'title': 'Portal: Revolution - Official Trailer', 'type': 'video', 'thumbnail_width': 480, 'height': 200, 'width': 356, 'html': '&lt;iframe width=""356"" height=""200"" src=""https://www.youtube.com/embed/cXczxIIvXJ0?feature=oembed&amp;enablejsapi=1"" frameborder=""0"" allow=""accelerometer; autoplay; clipboard-write; encrypted-media; gyroscope; picture-in-picture; web-share"" allowfullscreen title=""Portal: Revolution - Official Trailer""&gt;&lt;/iframe&gt;', 'author_name': 'Stefan Heinz', 'provider_name': 'YouTube', 'thumbnail_url': 'https://i.ytimg.com/vi/cXczxIIvXJ0/hqdefault.jpg', 'thumbnail_height': 360, 'author_url': 'https://www.youtube.com/@StefanH'}}",,
86,Five Nights at Freddy's: Help Wanted 2 - Gameplay Release Trailer | PS VR2 Games,0,games,0,Technical-Key-93,1700558553.0,https://youtu.be/88zU6TbGiqY?si=euSq7vw-WBZno4_t,,0.41,False,False,Trailer,youtu.be,False,False,False,0,,0,False,"{'type': 'youtube.com', 'oembed': {'provider_url': 'https://www.youtube.com/', 'version': '1.0', 'title': ""Five Nights at Freddy's: Help Wanted 2 - Gameplay Release Trailer | PS VR2 Games"", 'type': 'video', 'thumbnail_width': 480, 'height': 200, 'width': 356, 'html': '&lt;iframe width=""356"" height=""200"" src=""https://www.youtube.com/embed/88zU6TbGiqY?feature=oembed&amp;enablejsapi=1"" frameborder=""0"" allow=""accelerometer; autoplay; clipboard-write; encrypted-media; gyroscope; picture-in-picture; web-share"" allowfullscreen title=""Five Nights at Freddy&amp;#39;s: Help Wanted 2 - Gameplay Release Trailer | PS VR2 Games""&gt;&lt;/iframe&gt;', 'author_name': 'PlayStation', 'provider_name': 'YouTube', 'thumbnail_url': 'https://i.ytimg.com/vi/88zU6TbGiqY/hqdefault.jpg', 'thumbnail_height': 360, 'author_url': 'https://www.youtube.com/@PlayStation'}}",,
87,Yoko Taro &amp; Yosuke Saito Working on Project Separate from NieR; Announcement Planned 2024,260,games,44,Turbostrider27,1700411860.0,https://noisypixel.net/nier-staff-yoko-taro-yosuke-saito-new-project-2024/,,0.88,False,False,,noisypixel.net,False,False,False,0,,0,False,,,
88,Borderlands 4 and Tiny Tinaâ€™s Wonderlands 2 mentioned on Linkedin profile,314,games,107,Turbostrider27,1700399372.0,https://www.videogameschronicle.com/news/borderlands-4-and-tiny-tinas-wonderlands-2-mentioned-on-linkedin-profile/,,0.79,False,False,,videogameschronicle.com,False,False,False,0,,0,False,,,
89,"Mainframe Defenders - Synthetic Domain - Turn-based tactics game, centered around gear and unit customization. Offering simple combat, high replayability, and tons of loot!",77,games,4,Alex_Razur,1700425809.0,https://www.reddit.com/r/Games/comments/17z653k/mainframe_defenders_synthetic_domain_turnbased/,"Hey Reddit! 

While the Turn-Based Carnival is ongoing on Steam, we would like to tell you about our first game, which we released several years ago. **Mainframe Defenders,** tactical retrofuturistic strategy game where computer virus has infiltrated the ""Stargazer"" research complex!

# Main Features

* **RETRO STYLE:** Graphics, inspired by 80s terminal PC with hybrid synthwave soundtrack.
* **DIVERSE TACTICS:** Cook enemy robots to death, bury them under your bullets, eliminate with a single powerful shot, or render your opponents useless with debuffs - this game is designed with a lot of viable strategies in mind.
* **BUILD YOUR SQUAD:** Similar to how in card games you have to build your deck, in Mainframe Defenders you have to combine different items with unique abilities, to create an unstoppable squad. Work with item drawbacks or double down on them, creating flawed, yet powerful build!
* **UNIQUE ENEMIES:** Enemy squad won't sit idle, though. Each unit has its own role in the squad and designed to counter certain strategies. Pick your targets wisely, or you will lose.
* **PROCEDURAL LEVELS:** Hand-made rooms are combined with procedural generation to create random levels. Missions have differing objectives, combined with unique mission conditions. Will you accept the challenge or avoid the unknown and risk falling behind?
* **PROGRESSION SYSTEM:** Victory or defeat, the game is not over yet! Unlock new units, each with a unique set of upgrades and load-outs. Unlock new items to bolster your new strategies.

# Links

* [Steam Page](https://store.steampowered.com/app/1184810/Mainframe_Defenders/)
* [Official Trailer](https://www.youtube.com/watch?v=HAbQgCj9wEU)

Let us know what you think about our first game, while we are preparing for the release of our new game next year! Maybe anyone have already played Mainframe Defenders?",0.8,False,False,Indie Sunday,self.Games,False,False,False,0,,0,False,,,
90,"New FINAL FANTASY VII REBIRTH Preview: Learn about new characters, regions of the world, combat and more",120,games,23,Magister_Xehanort,1700414555.0,https://www.square-enix-games.com/en_US/news/final-fantasy-vii-rebirth-preview-remake-recap-video,,0.8,False,False,,square-enix-games.com,False,False,False,0,,0,False,,,
91,Ultimate Fantasy Wrestling,0,games,0,WildnOutoHere,1700567707.0,https://www.reddit.com/r/Games/comments/180f9te/ultimate_fantasy_wrestling/,"Ever wanted to join a fantasy wrestling league when you can choose who is in the match?   
Join: https://discord.gg/Zhq9UqfhxH    
See you there! ",0.16,False,False,Indie Sunday,self.Games,False,False,False,0,,0,False,,,
92,"Reign of Guilds - Atlant Games ltd - MMORPG. Open world, castle sieges, economy and diplomacy, merchant and craft associations, church and mercenaries, counts and of course the King",93,games,36,funnymaxbanny,1700418421.0,https://www.reddit.com/r/Games/comments/17z3f76/reign_of_guilds_atlant_games_ltd_mmorpg_open/,"Have you ever wondered what you would do if you were in the medieval era?

We are a team of developers who have come a long way in 6 years, never giving up and never giving in! We present to you our creation, ""Reign of Guilds""! We have worked hard to create a world where everyone can find their place and achieve their desires through different paths. Intrigue, conspiracies, trading guilds, and a church that influences entire continents, or challenge everyone and conquer what you want with fire and sword. Does that sound like a plan?

# About the game:

* We have developed a dynamic combat system with a first-person view and full non-targeting, including friendly fire and a unique system of magical buffs.
* A fresh look at the ""old"" rules and minimal restrictions.
* PvP and PvE only in an open world.
* Experience loss and item drop upon killing, depending on the character's karma.
* Character development is possible through any combination of three methods: PvE, Craft, and PvP.
* An enormous seamless world that will take months to explore.
* Players from different countries will encounter each other within the kingdom of Dwarrhan, fighting for the throne, titles, and spheres of influence.
* Over 60 castles of different levels, each playing a specific role in the struggle for power in the counties.
* The economy is deeply intertwined with all aspects of the game for each player, through taxes, commissions, expenses for the development and maintenance of lands and markets.
* A vast bestiary of various monsters.

And much more that we won't reveal to maintain your interest.

# Links:

[\- Steam page](https://store.steampowered.com/app/716350/Reign_of_Guilds/)

[\- Official trailer](https://youtu.be/rmdrxRUXPtM)",0.69,False,False,Indie Sunday,self.Games,False,False,False,0,,0,False,,,
93,The Last Flame - Hotloop - Roguelike Auto-Battler that focuses on build creation and strategy - DEMO AVAILABLE,90,games,31,hotloopgames,1700417970.0,https://www.reddit.com/r/Games/comments/17z39a3/the_last_flame_hotloop_roguelike_autobattler_that/,"Hey r/Games!  
I am working on The Last Flame, a roguelike auto-battler that focuses on build creation, strategy and decision making.

# Demo is now available!

Try The Last Flame today for free! If you find any bugs or have any feedback, please share it on discord! Thank you for your support!  
Play the demo: [DEMO](https://store.steampowered.com/app/1830970/The_Last_Flame/?utm_source=Reddit&amp;utm_campaign=indieSunday9).

# Information and links

\- [**STEAM PAGE**](https://store.steampowered.com/app/1830970/The_Last_Flame/?utm_source=Reddit&amp;utm_campaign=indieSunday9)**:** Please consider wishlisting the game if it seems interesting to you! Every single wishlist counts a lot for a solo indie dev like me! Thanks for all the support!  
\- [**TRAILER**](https://www.youtube.com/watch?v=VeMxUcX5UfE)  
\- **PLATFORM:** PC  
\- **RELEASE DATE:** Q1 2024

# Key Features:

\- **Own Your Build:** Assemble a team of unique heroes with distinct abilities to lead you to victory. With over 55 heroes, 250 items, 120 relics, and 55 origins, there are thousands of possibilities for creating synergistic character builds.  
\- **Tactical Mastery:** Face off against deadly foes in epic battles that test your strategy and decision-making skills. Turn the tides of battles by aptly positioning your heroes to outmaneuver lethal encounters.  
\- **Survival of the Cunning:** The Last Flame features challenging gameplay that rewards clever decision making over metagaming. Manage your resources, make strategic choices, and lead your heroes to victory with tactical thinking.

# My Game Dev Journey

I have been passionately working on The Last Flame for over 2 years. The project was not initially intended to be a full release game. In fact, after graduating from university, I decided to work on a ""quick"" project to add to my portfolio in order to get a job in the video game industry. During this game dev journey, many factors got me increasingly motivated to keep working on The Last Flame. Mainly, discovering communities that are interested by this niche genre of game, my family that is extremely supportive and my friends that loved playing the game. It went from a ""1 month quick"" project to a 4 months serious project to a 8 months ""I will release this game"" project... I am now over 2 years into the project! So yea a bit of an unexpected journey, but I am very happy to have taken this path!

  
Thank you everyone, and thanks r/Games for Indie Sunday!",0.78,False,False,Indie Sunday,self.Games,False,False,False,0,,0,False,,,
94,Why Hogwarts Legacy DOESN'T Deserve a GOTY Nomination,0,games,113,faizyMD,1700587733.0,https://rpginformer.com/hogwarts-legacy/why-hogwarts-legacy-doesnt-deserve-a-goty-nomination/,,0.27,False,False,Opinion Piece,rpginformer.com,False,False,False,0,,0,False,,,
95,WyrmBound - Moonlit Dragon Interactive - An action-adventure RPG with Souls-like elements inspired by Scalebound and Sekiro,137,games,12,DragonNexus_,1700400978.0,https://www.reddit.com/r/Games/comments/17yxct4/wyrmbound_moonlit_dragon_interactive_an/,"Game name:  WyrmBound

Steam: [https://store.steampowered.com/app/2576250/WyrmBound/](https://store.steampowered.com/app/2576250/WyrmBound/)

Trailer: [https://youtu.be/4RyHOzPRBTo](https://youtu.be/4RyHOzPRBTo)

Twitter: [https://twitter.com/MoonlitDragonIT](https://twitter.com/MoonlitDragonIT)

Discord: [https://discord.com/invite/n3w5Qjxa4M](https://discord.com/invite/n3w5Qjxa4M)

Hi r/Games,

I'm a solo developer working on **WyrmBound,** a single-player action-adventure RPG with Souls-like elements set in a fantasy Asian themed world. Take on the role of a skillful warrior, forge alliances with mighty dragons and engage in epic battles against legendary Asian deities and mythical creatures to restore peace to the land.

I'm working on the first demo as we speak, that will probably be available around mid December this year. The game is set to launch in Early Access around Q1 2024 if I don't find any publisher.

Explore the Asian inspired environment.

Discover various dragons each with different abilities that will help you fight the enemies.

Ride every dragon and make use of it's mobility and attack skills.

Unlock unique skills that'll help you in battles.

Create your unique character.  


I've paid close attention to the feedback received on my last post here and tried to improve as much as I could this month.   
And I actually ended up changing the name of the game at the recommendation of a member in this subreddit on my last Indie Sunday post. Old name was Dragon Nexus, now it's WyrmBound, which is more fitting.

Make sure to also [wishlist the game on Steam](https://store.steampowered.com/app/2576250/WyrmBound/) if you like it!

Thank you for checking out the game!",0.79,False,False,Indie Sunday,self.Games,False,False,False,0,,0,False,,,
96,"25 years on, Space Station Silicon Valley remains an innovative gem",114,games,17,Turbostrider27,1700399354.0,https://www.eurogamer.net/25-years-on-space-station-silicon-valley-remains-an-innovative-gem,,0.78,False,False,,eurogamer.net,False,False,False,0,,0,False,,,
97,This Side Up - Szunami - Puzzle-platformer with 4 characters facing 4 gravities,6,games,1,szunami,1700444602.0,https://www.reddit.com/r/Games/comments/17zd4al/this_side_up_szunami_puzzleplatformer_with_4/,"Supervise four workers in a multi-gravitational warehouse! Run, jump, and grab to get the workers and boxes to their destination, and remember, you're on company time!

I just launched my demo out now on Steam this week.

Steam Page with demo: [https://store.steampowered.com/app/2617930?utm\_source=reddit](https://store.steampowered.com/app/2617930?utm_source=reddit)",0.57,False,False,Indie Sunday,self.Games,False,False,False,0,,0,False,,,
98,Quasimorph - Magnum Scriptum - Turn-Based Extraction Roguelike,36,games,7,quasimorphosis,1700410587.0,https://www.reddit.com/r/Games/comments/17z0lg4/quasimorph_magnum_scriptum_turnbased_extraction/,"[Steam](https://store.steampowered.com/app/2059170/Quasimorph/) | [GOG](https://www.gog.com/en/game/quasimorph) | [EGS](https://store.epicgames.com/ru/p/quasimorph-6d2b87) | [Trailer](https://youtu.be/aeDl_Ba5kZk) | [Twitter](https://twitter.com/quasimorph)

Greetings!

Quasimorph is a turn-based extraction roguelike set in the dystopian future Solar System filled with greedy corporations, desperate people, and otherworldly threats.

You control your own Private Military Company. Take jobs from corporations and get caught up in their squabbles. Or help the other side... And do your best to survive!

* Gritty turn-based combat
* Manage your healing supplies, food, ammo, equipment durability, and time.
* An extraction twist: you either evacuate with your loot or die and lose everything you've taken on your mission
* Expect to die
* Unravel the dark secret behind the cosmic threat

Next week we'll release our **first major update**!

It will include the reworked start and tutorial mission, new items and sprites for them, a lot of QoL and balance changes!

You can read about it in our latest devblog [here](https://store.steampowered.com/news/app/2059170/view/7053261470748851954)!

Currently the game is out in Early Access!",0.71,False,False,Indie Sunday,self.Games,False,False,False,0,,0,False,,,
99,"Oddsparks: An Automation Adventure - Massive Miniteam - an automation game in a fantasy setting for newbies and pros alike, with Factorio-like complexity and Pikmin-type creatures",29,games,6,MassiveMiniMeow,1700415729.0,https://www.reddit.com/r/Games/comments/17z2fv4/oddsparks_an_automation_adventure_massive/,"**What if Pikmin joined the world of Factorio?**  
We thought about this too, and ended up making [Oddsparks: An Automation Adventure](https://store.steampowered.com/app/1817800?utm_source=MMT&amp;utm_campaign=IndieSunday&amp;utm_medium=Reddit), a factory game in a fantasy setting, with cute odd creatures instead of conveyor belts.

Something like this [: https://twitter.com/MassiveMiniteam/status/1710693971276492809](https://twitter.com/MassiveMiniteam/status/1710693971276492809)

*What can you do in Oddsparks?*

In **Oddsparks**, you build and automate workshops for these critters called Sparks: the production lines can be as efficient and/or aesthetic as you choose!  
Here's a production line our teammate built: [https://twitter.com/MassiveMiniteam/status/1707054941871763681](https://twitter.com/MassiveMiniteam/status/1707054941871763681)

Then, once the working-type Sparks are producing all you need, you can go explore the world - with more Sparks and, if you choose to, up to 4 friends in online co-op. Lead your Sparks into battle against the weirdest creature hybrids like Beelephants and Spunnies, and find out the mystery of the Sparks.   


And, for the creature fans out theree - my fave extra feature! You can pet the Sparks:  [https://twitter.com/MassiveMiniteam/status/1721554444469387597](https://twitter.com/MassiveMiniteam/status/1721554444469387597)

*Is it out yet?*

**Oddsparks** will go into *Early Access in 2024*, and can already be [wishlisted on Steam](https://store.steampowered.com/app/1817800?utm_source=MMT&amp;utm_campaign=IndieSunday&amp;utm_medium=Reddit).

Weâ€™re also working on **something that hasnâ€™t been publicly announced yet**, so canâ€™t mention it here, but we spill the beans in our [odd and cozy Discord](https://discord.gg/xgqSMGmd8D). :)  


Thank you for reading this, on behalf of our team and the Sparks :)Of course, weâ€™ll be happy to answer any questions - and open to ideas and suggestions too! ",0.69,False,False,Indie Sunday,self.Games,False,False,False,0,,0,False,,,
100,Underfoot Queens - ElVillano - An Ant themed 4x/simulation game with genetic mechanics,50,games,2,ElVillano_Dev,1700402812.0,https://www.reddit.com/r/Games/comments/17yxxo2/underfoot_queens_elvillano_an_ant_themed/,"Hello! I'm a solodev working part-time on my dream game, ""Underfoot Queens"". At its core Underfoot Queens is a 4x with mechanics that are heavily inspired by nature and real insect behaviour, hence the simulation part.Here you can find the Steam page and trailer: [https://store.steampowered.com/app/2117210/Underfoot\_Queens?utm\_campaign=reddit&amp;utm\_content=games](https://store.steampowered.com/app/2117210/Underfoot_Queens)

**How does the Underfoot Queens work?**

The game has a traditional 4x loop where you explore, expand, exploit resources and exterminate other insects. You progress by breeding every couple of years to get new dna, your genes will limit your current abilities and traits.You will be facing starvation, diseases and other threats. Losing your game means permadeath, which means starting from scratch, but even if that happens you will still retain some progress.New species will be unlocked as you play, giving you the opportunity to have fresh starts in different biomes under different gameplay styles.

**The alpha demo**

To finalize, I keep an alpha demo updated here: [https://villano.itch.io/underfoot-queens](https://villano.itch.io/underfoot-queens)

I'm still introducing mechanics to the game, you can expect a lack of content, balance and polish. I welcome all feedback, specially if its related to its mechanics!",0.76,False,False,Indie Sunday,self.Games,False,False,False,0,,0,False,,,
